interval,Score
"(3525, 3662)",[3160.65372441]
"(1136, 1275)",[1079.72338423]
"(3246, 3332)",[828.21872289]
"(3056, 3199)",[673.77578406]
"(1899, 2042)",[570.0920992]
